Ativo,Rentabilidade,Vencimento
VALE3-01,0.0123184958544873,0
PETR4-01,0.0225837425321298,0
ITUB4-01,0.0029703870764799,0
PETR3-01,0.0209767498450846,0
B3SA3-01,0.00579281544300825,0
ELET3-01,0.00590210974768945,0
BBAS3-01,0.00600613244115666,0
RENT3-01,0.0122504242802519,0
ITSA4-01,0.00201983799185035,0
WEGE3-01,0.0268147510564074,0
BPAC11-01,0.020884679530371,0
SUZB3-01,0.00745147697160453,0
EQTL3-01,0.0127936528057881,0
RADL3-01,0.0151774783516816,0
PRIO3-01,0.0532723029509465,0
GGBR4-01,0.018371772445321,0
RAIL3-01,0.00156789938268043,0
JBSS3-01,0.000815427169364114,0
CSAN3-01,0.0112753394989198,0
BBSE3-01,0.00534023899057967,0
ENEV3-01,0.0142869881939414,0
SBSP3-01,0.00563981920293211,0
CMIG4-01,0.0121762398779925,0
VIVT3-01,0.00572442109866866,0
HYPE3-01,0.0108705840038297,0
KLBN11-01,0.0101323745072763,0
TOTS3-01,0.0156354628684841,0
CCRO3-01,0.00197241437362661,0
CPLE6-01,0.0183487387114283,0
ELET6-01,0.00947115166531765,0
ENGI11-01,0.00413588094615958,0
EGIE3-01,0.00598568306624592,0
TAEE11-01,0.015911023287456,0
GOAU4-01,0.0187622548554784,0
CSNA3-01,0.00169718104687422,0
MULT3-01,0.00163360301156357,0
CPFE3-01,0.00963372903063497,0
BRAP4-01,0.0201972993102955,0
ENBR3-01,0.0100257468474467,0
SMTO3-01,0.0160405952853124,0
CYRE3-01,0.00497874422765854,0
ARZZ3-01,0.0109169075130124,0
SLCE3-01,0.0232763845582871,0
USIM5-01,0.000209383081182235,0
BEEF3-01,0.0115697402974551,0
DXCO3-01,0.00371127397950266,0
MRFG3-01,0.0123594696866696,0
VALE3-02,0.0247887370490918,1
PETR4-02,0.045677510491017,1
ITUB4-02,0.00594959735234379,1
PETR3-02,0.0423935237242323,1
B3SA3-02,0.0116191875967735,1
ELET3-02,0.0118390543948526,1
BBAS3-02,0.0120483385092138,1
RENT3-02,0.0246509214555501,1
ITSA4-02,0.00404375572921389,1
WEGE3-02,0.0543485329870319,1
BPAC11-02,0.042205528899828,1
SUZB3-02,0.0149584784522674,1
EQTL3-02,0.0257509831636911,1
RADL3-02,0.0305853125524789,1
PRIO3-02,0.10938254416359,1
GGBR4-02,0.0370810669134247,1
RAIL3-02,0.00313825707383497,1
JBSS3-02,0.00163151926019678,1
CSAN3-02,0.0226778122786555,1
BBSE3-02,0.0107089961336357,1
ENEV3-02,0.0287780944195366,1
SBSP3-02,0.0113114459665058,1
CMIG4-02,0.0245007405735516,1
VIVT3-02,0.0114816111942522,1
HYPE3-02,0.0218593376042437,1
KLBN11-02,0.0203674140277086,1
TOTS3-02,0.0315153934360797,1
CCRO3-02,0.0039487191657146,1
CPLE6-02,0.0370341536351568,1
ELET6-02,0.0190320060445026,1
ENGI11-02,0.00828886740351997,1
EGIE3-02,0.0120071945342612,1
TAEE11-02,0.0320752072369659,1
GOAU4-02,0.0378765319182188,1
CSNA3-02,0.00339724251725415,1
MULT3-02,0.00326987468192641,1
CPFE3-02,0.0193602667963055,1
BRAP4-02,0.0408025295200205,1
ENBR3-02,0.0201520092947425,1
SMTO3-02,0.032338491267732,1
CYRE3-02,0.0099822763494013,1
ARZZ3-02,0.0219529938956728,1
SLCE3-02,0.0470945591946792,1
USIM5-02,0.000418810003639081,1
BEEF3-02,0.0232733394854607,1
DXCO3-02,0.00743632151355622,1
MRFG3-02,0.0248716958642747,1
VALE3-03,0.0374125928581563,2
PETR4-03,0.0692928221595843,2
ITUB4-03,0.00893765703590943,2
PETR3-03,0.0642595519115319,2
B3SA3-03,0.0174793108491276,2
ELET3-03,0.0178110395408893,2
BBAS3-03,0.0181268348671526,2
RENT3-03,0.0372033299825318,2
ITSA4-03,0.00607176145251564,2
WEGE3-03,0.0826206264257674,2
BPAC11-03,0.0639716573756817,2
SUZB3-03,0.0225214181815891,2
EQTL3-03,0.0388740851074831,2
RADL3-03,0.0462269988233053,2
PRIO3-03,0.168481907144765,2
GGBR4-03,0.056134084282109,2
RAIL3-03,0.00471107692784423,2
JBSS3-03,0.00244827681469295,2
CSAN3-03,0.03420885181011,2
BBSE3-03,0.016106423722918,2
ENEV3-03,0.0434762349086941,2
SBSP3-03,0.0170150596796128,2
CMIG4-03,0.0369753073459562,2
VIVT3-03,0.0172717578702879,2
HYPE3-03,0.0329675453737686,2
KLBN11-03,0.0307061588016584,2
TOTS3-03,0.0476436140684191,2
CCRO3-03,0.00592892204978113,2
CPLE6-03,0.0560624223550354,2
ELET6-03,0.0286834127255629,2
ENGI11-03,0.0124590301184391,2
EGIE3-03,0.018064748861504,2
TAEE11-03,0.0484965798937191,2
GOAU4-03,0.0573494359185887,2
CSNA3-03,0.00510018929974021,2
MULT3-03,0.00490881937061771,2
CPFE3-03,0.0291805073912168,2
BRAP4-03,0.061823929731649,2
ENBR3-03,0.0303797950858458,2
SMTO3-03,0.0488978152036079,2
CYRE3-03,0.0150107197778133,2
ARZZ3-03,0.0331095602126781,2
SLCE3-03,0.0714671348233846,2
USIM5-03,0.000628280776550083,2
BEEF3-03,0.035112346276617,2
DXCO3-03,0.0111751937195954,2
MRFG3-03,0.0375385665220349,2
VALE3-04,0.0501919555826726,3
PETR4-04,0.0934414559466907,3
ITUB4-04,0.0119345924133427,3
PETR3-04,0.0865842583022218,3
B3SA3-04,0.023373380713956,3
ELET3-04,0.0238182719986695,3
BBAS3-04,0.0242418394792603,3
RENT3-04,0.0499095108397081,3
ITSA4-04,0.00810386341882507,3
WEGE3-04,0.111650829011906,3
BPAC11-04,0.0861923644693703,3
SUZB3-04,0.0301407129821418,3
EQTL3-04,0.0521650794612789,3
RADL3-04,0.0621060864488907,3
PRIO3-04,0.23072962929488,3
GGBR4-04,0.0755371393502873,3
RAIL3-04,0.00628636280513151,3
JBSS3-04,0.0032657003754899,3
CSAN3-04,0.045869907727057,3
BBSE3-04,0.0215326748654614,3
ENEV3-04,0.0583843675574931,3
SBSP3-04,0.0227508407428649,3
CMIG4-04,0.0496017674357556,3
VIVT3-04,0.0230950497841202,3
HYPE3-04,0.0441965058489839,3
KLBN11-04,0.041149659609593,3
TOTS3-04,0.0640240068955902,3
CCRO3-04,0.00791303071447902,3
CPLE6-04,0.0754398358057859,3
ELET6-04,0.0384262293430833,3
ENGI11-04,0.0166464401298732,3
EGIE3-04,0.0241585617891062,3
TAEE11-04,0.0651792333932262,3
GOAU4-04,0.0771876955065895,3
CSNA3-04,0.00680602629122928,3
MULT3-04,0.00655044144428807,3
CPFE3-04,0.0390953535230349,3
BRAP4-04,0.0832699054552732,3
ENBR3-04,0.0407101220681005,3
SMTO3-04,0.0657227605529374,3
CYRE3-04,0.0200641985399186,3
ARZZ3-04,0.0443879217323289,3
SLCE3-04,0.0964070158950998,3
USIM5-04,0.000837795409097009,3
BEEF3-04,0.0470883273017269,3
DXCO3-04,0.0149279419047657,3
MRFG3-04,0.0503619929837145,3
VALE3-05,0.0631287408339338,4
PETR4-05,0.118135456261748,4
ITUB4-05,0.0149404298488902,4
PETR3-05,0.109377264474234,4
B3SA3-05,0.0293015938377195,4
ELET3-05,0.0298609598016952,4
BBAS3-05,0.0303935716189467,4
RENT3-05,0.0627713478033665,4
ITSA4-05,0.0101400699018894,4
WEGE3-05,0.141459469253509,4
BPAC11-05,0.108877143909649,4
SUZB3-05,0.0378167827824405,4
EQTL3-05,0.0656261141822809,4
RADL3-05,0.0782261785831582,4
PRIO3-05,0.296293430957383,4
GGBR4-05,0.0952966629309222,4
RAIL3-05,0.00786411857217328,4
JBSS3-05,0.0040837904856672,4
CSAN3-05,0.0576624460083837,4
BBSE3-05,0.0269879034859291,4
ENEV3-05,0.0735054925214393,4
SBSP3-05,0.0285189705743014,4
CMIG4-05,0.0623819703324182,4
VIVT3-05,0.028951676673048,4
HYPE3-05,0.0555475316823208,4
KLBN11-05,0.0516989778788808,4
TOTS3-05,0.0806605147465818,4
CCRO3-05,0.00990105286362586,4
CPLE6-05,0.0951728003528476,4
ELET6-05,0.0482613216544354,4
ENGI11-05,0.0208511687705875,4
EGIE3-05,0.030288850349558,4
TAEE11-05,0.0821273249810601,4
GOAU4-05,0.0973981655768699,4
CSNA3-05,0.00851475839692961,4
MULT3-05,0.00819474527672215,4
CPFE3-05,0.0491057165958677,4
BRAP4-05,0.105149031969589,4
ENBR3-05,0.0511440182935305,4
SMTO3-05,0.0828175880413131,4
CYRE3-05,0.0251428372802402,4
ARZZ3-05,0.0557894080815882,4
SLCE3-05,0.121927407229478,4
USIM5-05,0.0010473539104634,4
BEEF3-05,0.0592028673171046,4
DXCO3-05,0.0186946175666269,4
MRFG3-05,0.0633439101960265,4
VALE3-06,0.0762248878206828,5
PETR4-06,0.143387139522009,5
ITUB4-06,0.0179551957851103,5
PETR3-06,0.132648393834935,5
B3SA3-06,0.0352641480060156,5
ELET3-06,0.0359393122113056,5
BBAS3-06,0.0365822518766064,5
RENT3-06,0.0757907477268529,5
ITSA4-06,0.0121803891921677,5
WEGE3-06,0.172067420762521,5
BPAC11-06,0.132035687698755,5
SUZB3-06,0.0455500506400885,5
EQTL3-06,0.0792593647079101,5
RADL3-06,0.0945909330668204,5
PRIO3-06,0.365349967324667,5
GGBR4-06,0.115419203982409,5
RAIL3-06,0.00944434810150852,5
JBSS3-06,0.00490254768874721,5
CSAN3-06,0.0695879491623861,5
BBSE3-06,0.0324722643309783,5
ENEV3-06,0.0888426528192243,5
SBSP3-06,0.0343196316151262,5
CMIG4-06,0.0753177880452403,5
VIVT3-06,0.0348418293605055,5
HYPE3-06,0.0670219497955087,5
KLBN11-06,0.0623551857916695,5
TOTS3-06,0.0975571420983385,5
CCRO3-06,0.0118929962162346,5
CPLE6-06,0.115267839910385,5
ELET6-06,0.0581895636167107,5
ENGI11-06,0.0250732876683704,5
EGIE3-06,0.0364558328744373,5
TAEE11-06,0.0993450780488263,5
GOAU4-06,0.117987829637358,5
CSNA3-06,0.0102263905303737,5
MULT3-06,0.00984173524884846,5
CPFE3-06,0.0592125167940423,5
BRAP4-06,0.127470057750762,5
ENBR3-06,0.0616825221211494,5
SMTO3-06,0.100186626738902,5
CYRE3-06,0.0302467612638746,5
ARZZ3-06,0.0673153634028332,5
SLCE3-06,0.148041821006633,5
USIM5-06,0.00125695628983435,5
BEEF3-06,0.0714575694142832,5
DXCO3-06,0.0224752723938613,5
MRFG3-06,0.076486277020599,5
VALE3-07,0.0894823596397982,6
PETR4-07,0.169209100295522,6
ITUB4-07,0.020978916743106,6
PETR3-07,0.156407675854847,6
B3SA3-07,0.0412612421501779,6
ELET3-07,0.0420535397239228,6
BBAS3-07,0.0428081021675297,6
RENT3-07,0.0889696408232765,6
ITSA4-07,0.0142248295968637,6
WEGE3-07,0.203496116871594,6
BPAC11-07,0.155677890253286,6
SUZB3-07,0.053340942765093,6
EQTL3-07,0.0930670343073785,6
RADL3-07,0.111204063257389,6
PRIO3-07,0.438085304418051,6
GGBR4-07,0.135911431779115,6
RAIL3-07,0.0110270552717471,6
JBSS3-07,0.00572197252869588,6
CSAN3-07,0.0816479164131454,6
BBSE3-07,0.0379859129736504,6
ENEV3-07,0.104398934945112,6
SBSP3-07,0.0401530073354788,6
CMIG4-07,0.0884111153775513,6
VIVT3-07,0.0407656997622816,6
HYPE3-07,0.0786211015346909,6
KLBN11-07,0.0731193663938579,6
TOTS3-07,0.114717956039657,6
CCRO3-07,0.0138888685065437,6
CPLE6-07,0.13573159809816,6
ELET6-07,0.068211837464381,6
ENGI11-07,0.0293128687472552,6
EGIE3-07,0.0426597290021855,6
TAEE11-07,0.116836783186611,6
GOAU4-07,0.138963802222337,6
CSNA3-07,0.0119409276134339,6
MULT3-07,0.0114914157487536,6
CPFE3-07,0.0694166831666929,6
BRAP4-07,0.15024190797055,6
ENBR3-07,0.0723266823202948,6
SMTO3-07,0.117834275156734,6
CYRE3-07,0.0353760963795811,6
ARZZ3-07,0.0789671465123192,6
SLCE3-07,0.17476408392138,6
USIM5-07,0.00146660255639741,6
BEEF3-07,0.0838540552321487,6
DXCO3-07,0.0262699582669816,6
MRFG3-07,0.0897910765295509,6
VALE3-08,0.102903143570558,7
PETR4-08,0.195614217582819,7
ITUB4-08,0.0240116193227582,7
PETR3-08,0.18066535039019,7
B3SA3-08,0.0472930763539114,7
ELET3-08,0.0482038540783416,7
BBAS3-08,0.0490713457398591,7
RENT3-08,0.102309980951675,7
ITSA4-08,0.0162733994399613,7
WEGE3-08,0.235767565642858,7
BPAC11-08,0.179813852631562,7
SUZB3-08,0.0611898885433555,7
EQTL3-08,0.107051354437759,7
RADL3-08,0.128069338871779,7
PRIO3-08,0.514695420424314,7
GGBR4-08,0.156780138121799,7
RAIL3-08,0.0126122439675806,7
JBSS3-08,0.0065420655499222,7
CSAN3-08,0.0938438638890029,7
BBSE3-08,0.0435290058177846,7
ENEV3-08,0.120177469490075,7
SBSP3-08,0.046019282240237,7
CMIG4-08,0.101663870204262,7
VIVT3-08,0.0467234808927715,7
HYPE3-08,0.0903463428272271,7
KLBN11-08,0.0839926137051716,7
TOTS3-08,0.132147087250147,7
CCRO3-08,0.0158886774840461,7
CPLE6-08,0.156570840437976,7
ELET6-08,0.0783290337876936,7
ENGI11-08,0.033569984228744,7
EGIE3-08,0.0489007596859306,7
TAEE11-08,0.134606799252181,7
GOAU4-08,0.160333331350797,7
CSNA3-08,0.0136583745763357,7
MULT3-08,0.0131437911716914,7
CPFE3-08,0.0797191537131612,7
BRAP4-08,0.173473688065077,7
ENBR3-08,0.0830775581750005,7
SMTO3-08,0.135765002360573,7
CYRE3-08,0.0405309691428863,7
ARZZ3-08,0.0907461310603732,7
SLCE3-08,0.202108344503998,7
USIM5-08,0.00167629271934167,7
BEEF3-08,0.0963939651715282,7
DXCO3-08,0.0300787272590433,7
MRFG3-08,0.103260316304721,7
VALE3-09,0.116489251372533,8
PETR4-09,0.222615661240463,8
ITUB4-09,0.0270533302029596,8
PETR3-09,0.205431872096084,8
B3SA3-09,0.0533598518599701,8
ELET3-09,0.0543904682630629,8
BBAS3-09,0.0553722071825951,8
RENT3-09,0.11581374590669,8
ITSA4-09,0.0183261070622569,8
WEGE3-09,0.268904365279154,8
BPAC11-09,0.204453886849264,8
SUZB3-09,0.0690973205603358,8
EQTL3-09,0.121214585104614,8
RADL3-09,0.145190586841701,8
PRIO3-09,0.595386733739569,8
GGBR4-09,0.17803223958864,8
RAIL3-09,0.014199918079792,8
JBSS3-09,0.00736282729727944,8
CSAN3-09,0.106177324813162,8
BBSE3-09,0.0491017001024536,8
ENEV3-09,0.136181431771799,8
SBSP3-09,0.0519186418748525,8
CMIG4-09,0.115077993752787,8
VIVT3-09,0.0527153668712659,8
HYPE3-09,0.102199044340199,8
KLBN11-09,0.0949760328303539,8
TOTS3-09,0.149848730994509,8
CCRO3-09,0.0178924309135202,8
CPLE6-09,0.177792456590429,8
ELET6-09,0.0885420516118123,8
ENGI11-09,0.0378447066330381,8
EGIE3-09,0.055179147201355,8
TAEE11-09,0.152659554457188,8
GOAU4-09,0.182103801030907,8
CSNA3-09,0.0153787363576718,8
MULT3-09,0.0147988659200962,8
CPFE3-09,0.0901208754692202,8
BRAP4-09,0.197174687375683,8
ENBR3-09,0.0939362195894138,8
SMTO3-09,0.153983349102661,8
CYRE3-09,0.0457115066992064,8
ARZZ3-09,0.102653705693336,8
SLCE3-09,0.230089080611398,8
USIM5-09,0.00188602678785843,8
BEEF3-09,0.10907895861226,8
DXCO3-09,0.033901631636359,8
MRFG3-09,0.116896028740594,8
VALE3-10,0.130242719587145,9
PETR4-10,0.250226898549667,9
ITUB4-10,0.0301040761418501,9
PETR3-10,0.230717914932335,9
B3SA3-10,0.0594617710768695,9
ELET3-10,0.0606135965236692,9
BBAS3-10,0.0617109124336495,9
RENT3-10,0.129482937711784,9
ITSA4-10,0.0203829608213943,9
WEGE3-10,0.302929719948503,9
BPAC11-10,0.22960852028522,9
SUZB3-10,0.0770636746248952,9
EQTL3-10,0.135559015227228,9
RADL3-10,0.16257169218204,9
PRIO3-10,0.680376659143265,9
GGBR4-10,0.199674779827614,9
RAIL3-10,0.0157900815052641,9
JBSS3-10,0.00818425831606495,9
CSAN3-10,0.118649849696437,9
BBSE3-10,0.0547041539064239,9
ENEV3-10,0.152414042473698,9
SBSP3-10,0.0578512728312206,9
CMIG4-10,0.128655450887391,9
VIVT3-10,0.0587415529282764,9
HYPE3-10,0.11418059164064,9
KLBN11-10,0.106070740071483,9
TOTS3-10,0.167827148132347,9
CCRO3-10,0.01990013657506,9
CPLE6-10,0.199403462632698,9
ELET6-10,0.0988517984767037,9
ENGI11-10,0.0421371087802742,9
EGIE3-10,0.0614951151546139,9
TAEE11-10,0.170999547470665,9
GOAU4-10,0.204282733811479,9
CSNA3-10,0.017102017904417,9
MULT3-10,0.0164566444035945,9
CPFE3-10,0.100622804594129,9
BRAP4-10,0.221354382863319,9
ENBR3-10,0.10490374719427,9
SMTO3-10,0.172493928971607,9
CYRE3-10,0.0509178368269811,9
ARZZ3-10,0.11469127421727,9
SLCE3-10,0.258721107092659,9
USIM5-10,0.00209580477114057,9
BEEF3-10,0.121910714132776,9
DXCO3-10,0.0377387238592162,9
MRFG3-10,0.130700271350975,9
VALE3-11,0.144165609842944,10
PETR4-11,0.278461700933256,10
ITUB4-11,0.0331638839770512,10
PETR3-11,0.256534376763735,10
B3SA3-11,0.0655990375856406,10
ELET3-11,0.0668734543702434,10
BBAS3-11,0.0680876887879471,10
RENT3-11,0.143319582916059,10
ITSA4-11,0.0224439690918981,10
WEGE3-11,0.337867456032917,10
BPAC11-11,0.255288500179191,10
SUZB3-11,0.0850893897933145,10
EQTL3-11,0.150086963008527,10
RADL3-11,0.180216598872411,10
PRIO3-11,0.769894193600844,10
GGBR4-11,0.221714931890998,10
RAIL3-11,0.0173827381469889,10
JBSS3-11,0.00900635915202108,10
CSAN3-11,0.13126300653218,10
BBSE3-11,0.0603365261526414,10
ENEV3-11,0.168878568293052,10
SBSP3-11,0.0638173627535803,10
CMIG4-11,0.142398230397,10
VIVT3-11,0.0648022354118962,10
HYPE3-11,0.126292385357506,10
KLBN11-11,0.117277863041428,10
TOTS3-11,0.186086666143778,10
CCRO3-11,0.0219118022641043,10
CPLE6-11,0.221411003378128,10
ELET6-11,0.109259190517784,10
ENGI11-11,0.0464472637917646,10
EGIE3-11,0.0678488884902977,10
TAEE11-11,0.189631348540071,10
GOAU4-11,0.226877793381302,10
CSNA3-11,0.018828224171942,10
MULT3-11,0.0181171310390158,10
CPFE3-11,0.111225906458526,10
BRAP4-11,0.246022442897951,10
ENBR3-11,0.115981232454435,10
SMTO3-11,0.191301429560726,10
CYRE3-11,0.0561500879408268,10
ARZZ3-11,0.126860255763462,10
SLCE3-11,0.28801958363298,10
USIM5-11,0.00230562667838319,10
BEEF3-11,0.134890929732224,10
DXCO3-11,0.0415900565825973,10
MRFG3-11,0.144675127079447,10
VALE3-12,0.158260009164642,11
PETR4-12,0.307334150824321,11
ITUB4-12,0.0362327806259022,11
PETR3-12,0.282892384056857,11
B3SA3-12,0.0717718561466216,11
ELET3-12,0.0731702585848331,11
BBAS3-12,0.0745027649055763,11
RENT3-12,0.157325732894701,11
ITSA4-12,0.024509140265208,11
WEGE3-12,0.373742038812909,11
BPAC11-12,0.281504798223593,11
SUZB3-12,0.0931749083934916,11
EQTL3-12,0.164800776309722,11
RADL3-12,0.198129310752092,11
PRIO3-12,0.864180533273469,11
GGBR4-12,0.24416000061275,11
RAIL3-12,0.0189778919140793,11
JBSS3-12,0.00982913035133492,11
CSAN3-12,0.144018380993399,11
BBSE3-12,0.0659989766127373,11
ENEV3-12,0.185578322598406,11
SBSP3-12,0.0698171003444503,11
CMIG4-12,0.156308345286508,11
VIVT3-12,0.0708976117941977,11
HYPE3-12,0.138535841345409,11
KLBN11-12,0.128598540778453,11
TOTS3-12,0.204631680171073,11
CCRO3-12,0.0239274357914687,11
CPLE6-12,0.243822354738376,11
ELET6-12,0.119765152547325,11
ENGI11-12,0.0507752450912418,11
EGIE3-12,0.0742406934994435,11
TAEE11-12,0.20855960063018,11
GOAU4-12,0.24989678721725,11
CSNA3-12,0.020557360124027,11
MULT3-12,0.0197803302504056,11
CPFE3-12,0.121931155733169,11
BRAP4-12,0.271188731124506,11
ENBR3-12,0.127169777777525,11
SMTO3-12,0.210410613655124,11
CYRE3-12,0.0614083890947033,11
ARZZ3-12,0.139162084955722,11
SLCE3-12,0.318000022780226,11
USIM5-12,0.00251549251878336,11
BEEF3-12,0.148021323055163,11
DXCO3-12,0.045455682656901,11
MRFG3-12,0.15882270461367,11
KNIP11-01,0.00404646318274171,0
KNCR11-01,0.00524106885600184,0
HGLG11-01,0.00881928108775187,0
KNRI11-01,0.00588156069541523,0
IRDM11-01,0.00432721133440617,0
XPLG11-01,0.00779265391628248,0
CPTS11-01,0.00442731669887686,0
MXRF11-01,0.00621111620398329,0
XPML11-01,0.00421296078274103,0
HGRU11-01,0.0109481507977152,0
RECR11-01,0.00605167999782386,0
BTLG11-01,0.00508241895019679,0
VISC11-01,0.00681909124277857,0
HGBS11-01,0.000646334899633949,0
KNHY11-01,0.00390642792402751,0
BCFF11-01,0.0015058750678083,0
TGAR11-01,0.00840719808144286,0
HGCR11-01,0.00528339433034053,0
HGRE11-01,0.00156402814749712,0
VILG11-01,0.00486627435533959,0
BBPO11-01,0.000508460197575555,0
LVBI11-01,0.0063910044459794,0
RBVA11-01,0.00349310985057238,0
RBRR11-01,0.0046311622052857,0
MALL11-01,0.00823360570499809,0
ALZR11-01,0.00854869867829011,0
RBRF11-01,0.00100108343757799,0
VGIR11-01,0.0069082141391672,0
GGRC11-01,0.00390122376117441,0
GTWR11-01,0.00233955117361906,0
BTCI11-01,0.00812136597428492,0
SDIL11-01,0.00301021932915413,0
RBRY11-01,0.00658470308202874,0
RCRB11-01,0.0015582199757822,0
BCRI11-01,3.74669923155491E-05,0
KFOF11-01,0.00360774800000918,0
MFII11-01,0.00459256406920527,0
BCIA11-01,0.00333157526663941,0
PORD11-01,0.0056142131340986,0
OUJP11-01,0.00762274412359165,0
BPFF11-01,0.00134219700224714,0
VTLT11-01,0.0063971806132217,0
KNIP11-02,0.00810930022977274,1
KNCR11-02,0.0105096065147567,1
HGLG11-02,0.0177163418944084,1
KNRI11-02,0.0117977141470442,1
IRDM11-02,0.00867314742674496,1
XPLG11-02,0.015646033287624,1
CPTS11-02,0.00887423453090563,1
MXRF11-02,0.0124608103724659,1
XPML11-02,0.00844367060403894,1
HGRU11-02,0.0220161636013199,1
RECR11-02,0.0121399828264437,1
BTLG11-02,0.0101906688827789,1
VISC11-02,0.0136846824909347,1
HGBS11-02,0.00129308754807056,1
KNHY11-02,0.00782811602718048,1
BCFF11-02,0.00301401779533639,1
TGAR11-02,0.0168850771424665,1
HGCR11-02,0.0105947029163307,1
HGRE11-02,0.00313050247904023,1
VILG11-02,0.00975622933678078,1
BBPO11-02,0.00101717892692377,1
LVBI11-02,0.0128228538297872,1
RBVA11-02,0.00699842151757313,1
RBRR11-02,0.00928377207394315,1
MALL11-02,0.0165350036729015,1
ALZR11-02,0.0171704776056723,1
RBRF11-02,0.00200316904320474,1
VGIR11-02,0.0138641517009273,1
GGRC11-02,0.00781766706918341,1
GTWR11-02,0.00468457584693227,1
BTCI11-02,0.0163086885338581,1
SDIL11-02,0.00602950007871783,1
RBRY11-02,0.0132127644787361,1
RCRB11-02,0.00311886800105721,1
BCRI11-02,7.49353884068604E-05,1
KFOF11-02,0.00722851184564988,1
MFII11-02,0.00920621978314018,1
BCIA11-02,0.00667424992703602,1
PORD11-02,0.0112599456573121,1
OUJP11-02,0.0153035944751572,1
BPFF11-02,0.00268619549728721,1
VTLT11-02,0.0128352851462414,1
KNIP11-03,0.0121885773973318,2
KNCR11-03,0.0158057569421519,2
HGLG11-03,0.0266918683811737,2
KNRI11-03,0.0177486638142825,2
IRDM11-03,0.0130378893030012,2
XPLG11-03,0.0235606113264797,2
CPTS11-03,0.0133408402765109,2
MXRF11-03,0.0187493221176684,2
XPML11-03,0.0126922042398971,2
HGRU11-03,0.0332053506781296,2
RECR11-03,0.0182651301155123,2
BTLG11-03,0.0153248810816207,2
VISC11-03,0.0205970908322475,2
HGBS11-03,0.00194025821531518,2
KNHY11-03,0.0117651239222492,2
BCFF11-03,0.00452443159739646,2
TGAR11-03,0.0254342314120666,2
HGCR11-03,0.0159340732399911,2
HGRE11-03,0.00469942682053026,2
VILG11-03,0.0146699801807468,2
BBPO11-03,0.00152615631949748,2
LVBI11-03,0.0192958091916029,2
RBVA11-03,0.010515977623287,2
RBRR11-03,0.0139579289335803,2
MALL11-03,0.0249047520784729,2
ALZR11-03,0.0258659615231756,2
RBRF11-03,0.00300625782013442,2
VGIR11-03,0.0208681423689023,2
GGRC11-03,0.0117493892988849,2
GTWR11-03,0.00703508682547205,2
BTCI11-03,0.0245625033362873,2
SDIL11-03,0.00905786952555387,2
RBRY11-03,0.0198844696917502,2
RCRB11-03,0.00468194785926035,2
BCRI11-03,0.000112405188326115,2
KFOF11-03,0.0108623384948132,2
MFII11-03,0.0138410640065347,2
BCIA11-03,0.0100280609596557,2
PORD11-03,0.0169373745262091,2
OUJP11-03,0.0230429939836041,2
BPFF11-03,0.00403199790307851,2
VTLT11-03,0.0193145753967658,2
KNIP11-04,0.0162843612097618,3
KNCR11-04,0.0211296648586088,3
HGLG11-04,0.0357465525589362,3
KNRI11-04,0.0237346143531838,3
IRDM11-04,0.0174215183397761,3
XPLG11-04,0.0315368649328858,3
CPTS11-04,0.017827221100321,3
MXRF11-04,0.0250768925400704,3
XPML11-04,0.0169586367813472,3
HGRU11-04,0.0445170386623599,3
RECR11-04,0.0244273448359138,3
BTLG11-04,0.020485187497836,3
VISC11-04,0.0275566355167469,3
HGBS11-04,0.00258784717154792,3
KNHY11-04,0.015717511454896,3
BCFF11-04,0.00603711989394307,3
TGAR11-04,0.0340552601150401,3
HGCR11-04,0.021301653562547,3
HGRE11-04,0.0062708050038518,3
VILG11-04,0.0196076426844334,3
BBPO11-04,0.00203539250681661,3
LVBI11-04,0.0258101332399145,3
RBVA11-04,0.0140458209388838,3
RBRR11-04,0.0186537325718072,3
MALL11-04,0.0333434136922659,3
ALZR11-04,0.0346357805125512,3
RBRF11-04,0.00401035077262524,3
VGIR11-04,0.0279205181042408,3
GGRC11-04,0.0156964500567713,3
GTWR11-04,0.00939109694473039,3
BTCI11-04,0.0328833503894108,3
SDIL11-04,0.0120953550286347,3
RBRY11-04,0.0266001061026426,3
RCRB11-04,0.00624746333972226,3
BCRI11-04,0.000149876392125936,3
KFOF11-04,0.0145092750748024,3
MFII11-04,0.018497194048976,3
BCIA11-04,0.0133930454661606,3
PORD11-04,0.0226466776908298,3
OUJP11-04,0.0308413889541741,3
BPFF11-04,0.00537960664082426,3
VTLT11-04,0.0258353148372683,3
KNIP11-05,0.0203967184605933,4
KNCR11-05,0.0264814757430387,4
HGLG11-05,0.0448810925416234,4
KNRI11-05,0.0297557716234995,4
IRDM11-05,0.0218241162658048,4
XPLG11-05,0.0395752747231948,4
CPTS11-05,0.0223334645528697,4
MXRF11-05,0.031443764237655,4
XPML11-05,0.0212430436357769,4
HGRU11-05,0.0559525687124185,4
RECR11-05,0.0306268513078811,4
BTLG11-05,0.0256717207531703,4
VISC11-05,0.0345636379714582,4
HGBS11-05,0.00323585468712384,4
KNHY11-05,0.019685338704567,4
BCFF11-05,0.00755208611008107,4
TGAR11-05,0.0427487675139853,4
HGCR11-05,0.0266975929285467,4
HGRE11-05,0.00784464086688241,4
VILG11-05,0.024569333208537,4
BBPO11-05,0.00254488762046834,4
LVBI11-05,0.0323660903621814,4
RBVA11-05,0.0175879943849373,4
RBRR11-05,0.023371283238367,4
MALL11-05,0.0418515559184647,4
ALZR11-05,0.0434805700419305,4
RBRF11-05,0.00501544890594041,4
VGIR11-05,0.0350216131613486,4
GGRC11-05,0.0196589091818733,4
GTWR11-05,0.0117526190702282,4
BTCI11-05,0.0412717740866688,4
SDIL11-05,0.015141984029289,4
RBRY11-05,0.0333599629853079,4
RCRB11-05,0.0078154182376784,4
BCRI11-05,0.000187348999859172,4
KFOF11-05,0.0181693688829443,4
MFII11-05,0.0231747076669515,4
BCIA11-05,0.0167692406718201,4
PORD11-05,0.028388034100264,4
OUJP11-05,0.0386992290941797,4
BPFF11-05,0.00672902413497822,4
VTLT11-05,0.0323977686257035,4
KNIP11-06,0.0245257162136345,5
KNCR11-06,0.0318613358368183,5
HGLG11-06,0.0540961926000252,5
KNRI11-06,0.0358123426957573,5
IRDM11-06,0.0262457651634798,5
XPLG11-06,0.0476763250590371,5
CPTS11-06,0.0268596585723051,5
MXRF11-06,0.037850181315209,5
XPML11-06,0.0255455005282614,5
HGRU11-06,0.0675132966699168,5
RECR11-06,0.0368638752091612,5
BTLG11-06,0.0308846141434069,5
VISC11-06,0.0416184218152467,5
HGBS11-06,0.00388428103257232,5
KNHY11-06,0.023668665985404,5
BCFF11-06,0.00906933367607232,5
TGAR11-06,0.0515153629516558,5
HGCR11-06,0.0321220411699994,5
HGRE11-06,0.00942093825350221,5
VILG11-06,0.0295551686799971,5
BBPO11-06,0.00305464179210624,5
LVBI11-06,0.0389639466355645,5
RBVA11-06,0.0211425410319477,5
RBRR11-06,0.0281106816472751,5
MALL11-06,0.050429750833036,5
ALZR11-06,0.0524009710118694,5
RBRF11-06,0.00602155322635012,5
VGIR11-06,0.0421717641037336,5
GGRC11-06,0.0236368267466667,5
GTWR11-06,0.0141196660975862,5
BTCI11-06,0.0497283232427197,5
SDIL11-06,0.0181977840514498,5
RBRY11-06,0.0401643315184224,5
RCRB11-06,0.00938581635427749,5
BCRI11-06,0.000224823011578446,5
KFOF11-06,0.0218426673872023,5
MFII11-06,0.0278737030659024,5
BCIA11-06,0.020156683925922,5
PORD11-06,0.0341616237082594,5
OUJP11-06,0.0466169675389365,5
BPFF11-06,0.00808025281324731,5
VTLT11-06,0.0390022036162891,5
KNIP11-07,0.0286714218040651,6
KNCR11-07,0.0372693921477849,6
HGLG11-07,0.0633925632160939,6
KNRI11-07,0.0419045358583825,6
IRDM11-07,0.0306865474703817,6
XPLG11-07,0.0558405040765049,6
CPTS11-07,0.0314058914861053,6
MXRF11-07,0.0442963893936827,6
XPML11-07,0.0298660835029034,6
HGRU11-07,0.0792005932204249,6
RECR11-07,0.0431386435832306,6
BTLG11-07,0.0361240016417959,6
VISC11-07,0.048721312873764,6
HGBS11-07,0.00453312647859772,6
KNHY11-07,0.0276675538471614,6
BCFF11-07,0.010588866027345,6
TGAR11-07,0.0603556608936706,6
HGCR11-07,0.0375751489105365,6
HGRE11-07,0.0109997010136036,6
VILG11-07,0.034565266594752,6
BBPO11-07,0.00356465515345095,6
LVBI11-07,0.0456039698377244,6
RBVA11-07,0.0247095041008649,6
RBRR11-07,0.0328720289789706,6
MALL11-07,0.0590785752221945,6
ALZR11-07,0.0613976298017895,6
RBRF11-07,0.00702866474113129,6
VGIR11-07,0.049371309819956,6
GGRC11-07,0.0276302630579839,6
GTWR11-07,0.0164922509525951,6
BTCI11-07,0.0582535511293463,6
SDIL11-07,0.0212627827019032,6
RBRY11-07,0.047013504797988,6
RCRB11-07,0.0109586614965917,6
BCRI11-07,0.000262298427336161,6
KFOF11-07,0.0255292182267925,6
MFII11-07,0.0325942789022837,6
BCIA11-07,0.0235554127021864,6
PORD11-07,0.039967627478863,6
OUJP11-07,0.0545950608778953,6
BPFF11-07,0.00943329510659785,6
VTLT11-07,0.0456488883703579,6
KNIP11-08,0.0328339028395339,7
KNCR11-08,0.0427057924542544,7
HGLG11-08,0.0727709211377214,7
KNRI11-08,0.0480325606248619,7
IRDM11-08,0.0351465459808156,7
XPLG11-08,0.0640683037155665,7
CPTS11-08,0.0359722520128016,7
MXRF11-08,0.0507826356196073,7
XPML11-08,0.0342048689241763,7
HGRU11-08,0.0910158440559861,7
RECR11-08,0.0494513848475604,7
BTLG11-08,0.0413900179024937,7
VISC11-08,0.0558726391944968,7
HGBS11-08,0.00518239129607911,7
KNHY11-08,0.0316820630761268,7
BCFF11-08,0.0121106866045002,7
TGAR11-08,0.0692702809715831,7
HGCR11-08,0.0430570675695925,7
HGRE11-08,0.0125809330030999,7
VILG11-08,0.0395997450205072,7
BBPO11-08,0.00407492783629015,7
LVBI11-08,0.052286429457691,7
RBVA11-08,0.0282889269636151,7
RBRR11-08,0.0376554268824747,7
MALL11-08,0.0677986106211852,7
ALZR11-08,0.0704711983168163,7
RBRF11-08,0.00803678445856981,7
VGIR11-08,0.0566205915396907,7
GGRC11-08,0.0316392786579274,7
GTWR11-08,0.0188703865912858,7
BTCI11-08,0.0668480155116544,7
SDIL11-08,0.024337007670538,7
RBRY11-08,0.0539077778499573,7
RCRB11-08,0.0125339574776258,7
BCRI11-08,0.000299775247184941,7
KFOF11-08,0.0292290692128012,7
MFII11-08,0.0373365342856373,7
BCIA11-08,0.0269654645991799,7
PORD11-08,0.0458062273920921,7
OUJP11-08,0.062633969180971,7
BPFF11-08,0.0107881534492587,7
VTLT11-08,0.0523380931672774,7
KNIP11-09,0.0370132272012613,8
KNCR11-09,0.0481706853090591,8
HGLG11-09,0.0822319894340016,8
KNRI11-09,0.0541966277409485,8
IRDM11-09,0.0396258438473551,8
XPLG11-09,0.0723602197497077,8
CPTS11-09,0.0405588292637109,8
MXRF11-09,0.0573091686745684,8
XPML11-09,0.0385619334782736,8
HGRU11-09,0.102960450039407,8
RECR11-09,0.0558023288019309,8
BTLG11-09,0.046682798264027,8
VISC11-09,0.0630727310619175,8
HGBS11-09,0.00583207575607148,8
KNHY11-09,0.0357122546960456,8
BCFF11-09,0.0136347988533201,8
TGAR11-09,0.0782598480263115,8
HGCR11-09,0.0485679493666114,8
HGRE11-09,0.0141646380839355,8
VILG11-09,0.0446587225995183,8
BBPO11-09,0.00458545997247861,8
LVBI11-09,0.0590115967067988,8
RBVA11-09,0.0318808531436261,8
RBRR11-09,0.0424609774775626,8
MALL11-09,0.0765904433533848,8
ALZR11-09,0.0796223340350148,8
RBRF11-09,0.00904591338796057,8
VGIR11-09,0.0639199528499006,8
GGRC11-09,0.0356639343247884,8
GTWR11-09,0.0212540860000014,8
BTCI11-09,0.0755122786845641,8
SDIL11-09,0.0274204867305958,8
RBRY11-09,0.0608474476429399,8
RCRB11-09,0.0141117081163251,8
BCRI11-09,0.000337253471177412,8
KFOF11-09,0.032942268328805,8
MFII11-09,0.0421005687806713,8
BCIA11-09,0.0303868773407314,8
PORD11-09,0.0516776064496389,8
OUJP11-09,0.0707341560250743,8
BPFF11-09,0.0121448302787253,8
VTLT11-09,0.0590700900154417,8
KNIP11-10,0.0412094630451474,9
KNCR11-10,0.0536642200436064,9
HGLG11-10,0.0917764975509767,9
KNRI11-10,0.060396949191909,9
IRDM11-10,0.0441245245823931,9
XPLG11-10,0.0807167518158058,9
CPTS11-10,0.0451657127446736,9
MXRF11-10,0.0638762387847431,9
XPML11-10,0.0429373541744651,9
HGRU11-10,0.115035827370355,9
RECR11-10,0.0621917066367974,9
BTLG11-10,0.0520024787527691,9
VISC11-10,0.0703219210127386,9
HGBS11-10,0.00648218012980384,9
KNHY11-10,0.0397581899690478,9
BCFF11-10,0.0151612062247761,9
TGAR11-10,0.0873249921519352,9
HGCR11-10,0.0541079473252715,9
HGRE11-10,0.015750820124095,9
VILG11-10,0.0497423185513861,9
BBPO11-10,0.00509625169393768,9
LVBI11-10,0.0657797445296957,9
RBVA11-10,0.0354853263163593,9
RBRR11-10,0.0472887833569418,9
MALL11-10,0.0854546645697256,9
ALZR11-10,0.0888517000550324,9
RBRF11-10,0.010056052539609,9
VGIR11-10,0.0712697397111204,9
GGRC11-10,0.0397042910739676,9
GTWR11-10,0.0236433621954661,9
BTCI11-10,0.0842469075095986,9
SDIL11-10,0.0305132477389212,9
RBRY11-10,0.0678328131009966,9
RCRB11-10,0.0156919172375865,9
BCRI11-10,0.000374733099366198,9
KFOF11-10,0.0366688637314931,9
MFII11-10,0.0468864824093518,9
BCIA11-10,0.0338196887763496,9
PORD11-10,0.0575819486806057,9
OUJP11-10,0.0788960885208432,9
BPFF11-10,0.0135033280357653,9
VTLT11-10,0.0658451526633315,9
KNIP11-11,0.045422678802882,10
KNCR11-11,0.0591865467719603,10
HGLG11-11,0.10140518136788,10
KNRI11-11,0.0666337382098143,10
IRDM11-11,0.0486426720596975,10
XPLG11-11,0.0891384034442355,10
CPTS11-11,0.0497929923578015,10
MXRF11-11,0.0704840977304919,10
XPML11-11,0.0473312083464579,10
HGRU11-11,0.12724340775326,10
RECR11-11,0.0686197509417057,10
BTLG11-11,0.0573491960864363,10
VISC11-11,0.0776205438512705,10
HGBS11-11,0.00713270468868155,10
KNHY11-11,0.0438199303965789,10
BCFF11-11,0.0166899121750361,10
TGAR11-11,0.0964663487398598,10
HGCR11-11,0.0596772152777367,10
HGRE11-11,0.0173394829976123,10
VILG11-11,0.0548506526758676,10
BBPO11-11,0.00560730313265645,10
LVBI11-11,0.0725911476154197,10
RBVA11-11,0.0391023903098382,10
RBRR11-11,0.0521389475884442,10
MALL11-11,0.0943918702884436,10
ALZR11-11,0.0981599651441465,10
RBRF11-11,0.0110672029248315,10
VGIR11-11,0.0786703004738549,10
GGRC11-11,0.0437604101589002,10
GTWR11-11,0.0260382282248579,10
BTCI11-11,0.0930524734519709,10
SDIL11-11,0.0336153186362143,10
RBRY11-11,0.0748641751165142,10
RCRB11-11,0.0172745886722665,10
BCRI11-11,0.000412214131803923,10
KFOF11-11,0.0404089037512922,10
MFII11-11,0.0516943756530017,10
BCIA11-11,0.0372639368816416,10
PORD11-11,0.0635194391472738,10
OUJP11-11,0.0871202373395814,10
BPFF11-11,0.0148636491644225,10
VTLT11-11,0.0726635566106457,10
KNIP11-12,0.049652943183061,11
KNCR11-12,0.0647378163949428,11
HGLG11-12,0.11111878325387,11
KNRI11-12,0.0729072092808729,11
IRDM11-12,0.0531803705159763,11
XPLG11-12,0.097625682089209,11
CPTS11-12,0.0544407584032311,11
MXRF11-12,0.0771329988560121,11
XPML11-12,0.0517435736537621,11
HGRU11-12,0.139584638567074,11
RECR11-12,0.075086695713759,11
BTLG11-12,0.0627230876776013,11
VISC11-12,0.0849689366648851,11
HGBS11-12,0.00778364970428469,11
KNHY11-12,0.0478975377203366,11
BCFF11-12,0.0182209201654726,11
TGAR11-12,0.105684558523352,11
HGCR11-12,0.065275907868926,11
HGRE11-12,0.0189306305845807,11
VILG11-12,0.0599838453556973,11
BBPO11-12,0.00611861442069062,11
LVBI11-12,0.0794460824085479,11
RBVA11-12,0.042732089105183,11
RBRR11-12,0.057011573717225,11
MALL11-12,0.103402661435154,11
ALZR11-12,0.107547803786725,11
RBRF11-12,0.0120793655559579,11
VGIR11-12,0.0861219858950881,11
GGRC11-12,0.0478323530719853,11
GTWR11-12,0.0284386971658794,11
BTCI11-12,0.101929552617972,11
SDIL11-12,0.0367267274472827,11
RBRY11-12,0.0819418365631663,11
RCRB11-12,0.018859726257191,11
BCRI11-12,0.000449696568543434,11
KFOF11-12,0.0441624368929927,11
MFII11-12,0.0565243494544108,11
BCIA11-12,0.0407196597587334,11
PORD11-12,0.0694902639509036,11
OUJP11-12,0.0954070767403994,11
BPFF11-12,0.0162257961120207,11
VTLT11-12,0.0795255791195046,11
RF01-01,0.0108435117532959,0
RF01-02,0.0218046052537357,1
RF01-03,0.0328845555003765,2
RF01-04,0.0440846513177426,3
RF01-05,0.0554061955057423,4
RF01-06,0.0668505049912103,5
RF01-07,0.078418910981092,6
RF01-08,0.0901127591172921,7
RF01-09,0.101933409633198,8
RF01-10,0.113882237511905,9
RF01-11,0.125960632646153,10
RF01-12,0.13817,11
RF02-01,0.0109160138045556,0
RF02-02,0.0219511869664928,1
RF02-03,0.033106820231001,2
RF02-04,0.0443842285422233,3
RF02-05,0.0557847411982506,4
RF02-06,0.0673097020078099,5
RF02-07,0.0789604694486634,6
RF02-08,0.090738416827735,7
RF02-09,0.102644932442986,8
RF02-10,0.114681419747057,9
RF02-11,0.126849297512698,10
RF02-12,0.13915,11
RF03-01,0.008286689726134,0
RF03-02,0.0166420486788852,1
RF03-03,0.0250666458988285,2
RF03-04,0.0335610551420009,3
RF03-05,0.0421258549189785,4
RF03-06,0.0507616285342742,5
RF03-07,0.0594689641260651,6
RF03-08,0.0682484547062463,7
RF03-09,0.0771006982008193,8
RF03-10,0.0860262974906119,9
RF03-11,0.0950258604523386,10
RF03-12,0.1041,11
RF04-01,0.00852230195806136,0
RF04-02,0.0171172335467871,1
RF04-03,0.0257854137378208,2
RF04-04,0.0345274667778694,3
RF04-05,0.043344022233659,4
RF04-06,0.0522357150372723,5
RF04-07,0.0612031855318766,6
RF04-08,0.070247079517836,7
RF04-09,0.0793680482992203,8
RF04-10,0.0885667487307096,9
RF04-11,0.0978438432648978,10
RF04-12,0.1072,11
FX01-01,0.00511906305817078,0
FX01-02,0.0102643309229351,1
FX01-03,0.0154359377383502,2
FX01-04,0.0206340183351656,3
FX01-05,0.0258587082343376,4
FX01-06,0.0311101436505625,5
FX01-07,0.0363884614958294,6
FX01-08,0.0416937993829871,7
FX01-09,0.0470262956293339,8
FX01-10,0.0523860892602235,9
FX01-11,0.0577733200126882,10
FX01-12,0.0631881283390838,11
